recipe_name,source,url,servings,calories,image_url,diet_labels,health_labels,cautions,cuisine_type,meal_type,dish_type
Buttered Noodles with Toasted Sage,Delish,https://www.delish.com/cooking/recipe-ideas/recipes/a15165/buttered-noodles-toasted-sage-recipe-fw0211,10,2525.559013303409,https://datahive-prod-dataset-products.s3.eu-central-1.amazonaws.com/dataset/346/014d7b64279eb9be9b41a75191ced91b4adcefd408d913f7891e083c6ff9313a/21110141.jpg,[],"[""Peanut-Free"",""Tree-Nut-Free"",""Soy-Free"",""Fish-Free"",""Shellfish-Free""]","[""Sulfites""]","[""asian""]","[""lunch/dinner""]","[""main course""]"
Broken Noodle Zucchini Soup,gardendish.com,http://www.gardendish.com/broken-noodle-zucchini-soup/,8,2226.594199099732,https://datahive-prod-dataset-products.s3.eu-central-1.amazonaws.com/dataset/346/0115c909573c8c370bb6ba7ba8645b497893d043aa350a918878d299b2e6c1ae/21111562.jpg,"[""High-Fiber"",""Low-Fat"",""Low-Sodium""]","[""Vegan"",""Vegetarian"",""Dairy-Free"",""Egg-Free"",""Peanut-Free"",""Tree-Nut-Free"",""Soy-Free"",""Fish-Free"",""Shellfish-Free""]","[""Sulfites""]","[""asian""]","[""lunch/dinner""]","[""soup""]"
Chicken noodle stir fry,legenrecipes.com,https://legenrecipes.com/recipe/chicken-noodle-stir-fry/,10,2485.9525,https://datahive-prod-dataset-products.s3.eu-central-1.amazonaws.com/dataset/346/01bd87b21629698393cf152e748d36c372608fe7670db6e88a02924eb9e9d271/21116193.jpg,"[""Low-Fat"",""Low-Sodium""]","[""Dairy-Free"",""Peanut-Free"",""Tree-Nut-Free"",""Soy-Free"",""Fish-Free"",""Shellfish-Free""]",[],"[""asian""]","[""lunch/dinner""]","[""main course""]"
"Soba Noodles with Kale, Slivered Brussels Sprouts and Sesame Dressing recipes",katieatthekitchendoor.com,http://katieatthekitchendoor.com/2013/03/19/book-club-vegetable-literacy-soba-noodles-with-kale-sesame-and-slivered-brussels-sprouts/,4,1284.052384767126,https://datahive-prod-dataset-products.s3.eu-central-1.amazonaws.com/dataset/346/026fefb5da9224989c868e189c64c2636d49c3bd123fa6745a7dd5ab14bfacbb/21088961.jpeg,"[""Balanced""]","[""Vegan"",""Vegetarian"",""Dairy-Free"",""Egg-Free"",""Peanut-Free"",""Tree-Nut-Free"",""Fish-Free"",""Shellfish-Free""]","[""Gluten"",""Wheat""]","[""asian""]","[""lunch/dinner""]","[""main course""]"
Crispy Tofu & Rice Noodles in Red Curry Coconut Sauce,tastykitchen.com,https://tastykitchen.com/recipes/special-dietary-needs/vegetarian/crispy-tofu-rice-noodles-in-red-curry-coconut-sauce/,6,1187.778785298125,https://datahive-prod-dataset-products.s3.eu-central-1.amazonaws.com/dataset/346/029f7b74ead55f24e9f4a23e80d16b9c852be88dd24826c078c4bd74d0e5c4ce/21122034.jpg,[],"[""Vegan"",""Vegetarian"",""Dairy-Free"",""Gluten-Free"",""Egg-Free"",""Peanut-Free"",""Fish-Free"",""Shellfish-Free""]","[""Gluten"",""Wheat"",""Sulfites"",""FODMAP""]","[""asian""]","[""lunch/dinner""]","[""main course""]"
Spicy Thai Noodle Salad,Delish,http://www.delish.com/cooking/recipe-ideas/recipes/a36237/spicy-thai-noodle-salad-recipe-ghk0314/,4,2551.740358998476,https://datahive-prod-dataset-products.s3.eu-central-1.amazonaws.com/dataset/346/02ab0d2218f6ee9d38944a251721e34bc0d1f6b6969e2bd8035d068e721b227b/21110830.jpg,"[""Balanced"",""High-Fiber""]","[""Dairy-Free"",""Gluten-Free"",""Egg-Free"",""Peanut-Free"",""Tree-Nut-Free"",""Soy-Free"",""Shellfish-Free""]","[""Shellfish"",""Sulfites"",""FODMAP""]","[""asian"",""south east asian""]","[""lunch/dinner""]","[""salad""]"
Polish Noodles,Allrecipes,https://www.allrecipes.com/recipe/82135/polish-noodles,8,3469.411600686691,https://datahive-prod-dataset-products.s3.eu-central-1.amazonaws.com/dataset/346/02f605043483756ba6bc780ba5a82b5a780cb9058c26dcad901c6cb51a54390d/21023418.jpg,"[""High-Fiber""]","[""Peanut-Free"",""Tree-Nut-Free"",""Soy-Free"",""Fish-Free"",""Shellfish-Free""]","[""Sulfites""]","[""asian"",""eastern europe""]","[""lunch/dinner""]","[""main course""]"
Tuscan Pork with Chickpeas & Spinach,blog.myfitnesspal.com,https://blog.myfitnesspal.com/tuscan-pork-with-chickpeas-spinach/,6,2912.168965932521,https://datahive-prod-dataset-products.s3.eu-central-1.amazonaws.com/dataset/346/0190ab07124bd1c4e9956bf5065d3d4781ba3d7a0859b3bf531e7109747f2a18/21126802.jpg,"[""High-Fiber"",""Low-Carb""]","[""Dairy-Free"",""Gluten-Free"",""Egg-Free"",""Peanut-Free"",""Tree-Nut-Free"",""Soy-Free"",""Fish-Free"",""Shellfish-Free""]","[""Sulfites""]","[""italian""]","[""lunch/dinner""]","[""main course""]"
Rum Flavored Fruit Salad,McCormick,http://www.mccormick.com/Recipes/Dessert/Rum-Flavored-Fruit-Salad,12,807.6089999994572,https://datahive-prod-dataset-products.s3.eu-central-1.amazonaws.com/dataset/346/0196cbf5ce57bdfb2947b475b145a3e9943dd65bc054f8f994905327d8c10751/21100404.jpg,"[""Low-Fat"",""Low-Sodium""]","[""Vegan"",""Vegetarian"",""Dairy-Free"",""Gluten-Free"",""Egg-Free"",""Peanut-Free"",""Tree-Nut-Free"",""Soy-Free"",""Fish-Free"",""Shellfish-Free""]","[""Wheat"",""Sulfites""]","[""american""]","[""snack""]","[""salad""]"
brisket & cabbage,eatsomethingsexy.com,http://eatsomethingsexy.com/brisket-cabbage/,20,6802.7506,https://datahive-prod-dataset-products.s3.eu-central-1.amazonaws.com/dataset/346/019a27b2df59cf69602bcf06c3740493508205287b342bde242188e921e00684/21121412.jpg,"[""High-Protein"",""Low-Carb""]","[""Dairy-Free"",""Egg-Free"",""Peanut-Free"",""Tree-Nut-Free"",""Soy-Free"",""Fish-Free"",""Shellfish-Free""]",[],"[""british""]","[""lunch/dinner""]","[""main course""]"
Tacos con Puerco,BigOven,http://www.bigoven.com/recipe/Tacos-con-Puerco/159237,4,1827.608922269151,https://datahive-prod-dataset-products.s3.eu-central-1.amazonaws.com/dataset/346/019c2e315c6bda42cf7b855d97ac62090b1a514bea1c8c2a3980d2b83fa4009f/21028430.jpg,"[""High-Fiber""]","[""Dairy-Free"",""Egg-Free"",""Peanut-Free"",""Tree-Nut-Free"",""Soy-Free"",""Fish-Free"",""Shellfish-Free""]","[""Eggs"",""Milk""]","[""mexican""]","[""lunch/dinner""]","[""main course""]"
Brooklyn Pad Thai recipes,planetveggie.co.uk,http://www.planetveggie.co.uk/brooklyn-pad-thai-vegan-with-a-vengeance-by-isa-chandra-moskowitz/,2,833.9877777776055,https://datahive-prod-dataset-products.s3.eu-central-1.amazonaws.com/dataset/346/019de659ff6767eb0869badb180c4b036204a3c984eebe8ef5c108e04dab2f36/21135612.jpeg,[],"[""Vegan"",""Vegetarian"",""Dairy-Free"",""Egg-Free"",""Tree-Nut-Free"",""Fish-Free"",""Shellfish-Free""]","[""Gluten"",""Wheat"",""Sulfites""]","[""south east asian""]","[""lunch/dinner""]","[""main course""]"
Carrot Fettuccine With Mushrooms and Red Pepper,completerecipes.com,https://completerecipes.com/carrot-fettuccine-with-mushrooms-and-red-pepper.html,4,414.9005054166667,https://datahive-prod-dataset-products.s3.eu-central-1.amazonaws.com/dataset/346/019f54173b916c8b66ec400a81cf268836621c82e1687eff3559748a3dce4bf5/21125688.jpg,[],"[""Vegan"",""Vegetarian"",""Dairy-Free"",""Gluten-Free"",""Egg-Free"",""Peanut-Free"",""Tree-Nut-Free"",""Soy-Free"",""Fish-Free"",""Shellfish-Free""]","[""Sulfites""]","[""italian""]","[""lunch/dinner""]","[""main course""]"
Parmesan Crisps,food.com,http://www.food.com/recipe/parmesan-crisps-400770,8,584.0482581,https://datahive-prod-dataset-products.s3.eu-central-1.amazonaws.com/dataset/346/01a43c0ffdfcef17606c12c66c9ff8c9f86bd6ea22e2055a1c70b66bd9405770/21075143.jpg,"[""Low-Carb""]","[""Vegetarian"",""Gluten-Free"",""Egg-Free"",""Peanut-Free"",""Tree-Nut-Free"",""Soy-Free"",""Fish-Free"",""Shellfish-Free""]","[""Sulfites""]","[""italian""]","[""snack""]","[""biscuits and cookies""]"
20-Minute Grilled Pizza with Smoked Salmon and Mixed Greens,Food Network,https://www.foodnetwork.com/recipes/food-network-kitchen/20-minute-grilled-pizza-with-smoked-salmon-and-mixed-greens-3362670,4,2817.584794451882,https://datahive-prod-dataset-products.s3.eu-central-1.amazonaws.com/dataset/346/01a5a13ae6442e5074dca5f8ed4587fa2b4e5b9a9b6277e33883fee576f980df/21131707.jpg,[],"[""Egg-Free"",""Peanut-Free"",""Tree-Nut-Free"",""Soy-Free"",""Shellfish-Free""]","[""Sulfites""]","[""italian""]","[""lunch/dinner""]","[""salad""]"
Garlic Miso Chicken Wings,justonecookbook.com,http://justonecookbook.com/recipes/garlic-miso-chicken-wings/,2,652.3140000000001,https://datahive-prod-dataset-products.s3.eu-central-1.amazonaws.com/dataset/346/01a9093d36d73c8bd5324ac196c9e127df750bbd0bc0707258e51eb6a4e01959/21105002.jpg,"[""Low-Carb""]","[""Dairy-Free"",""Egg-Free"",""Peanut-Free"",""Tree-Nut-Free"",""Fish-Free"",""Shellfish-Free""]","[""Gluten"",""Wheat"",""Sulfites""]","[""japanese""]","[""lunch/dinner""]","[""main course""]"
Chinese Plum Sauce Recipe,Serious Eats,http://www.seriouseats.com/recipes/2010/07/chinese-plum-sauce-recipe.html,6,924.2674804000002,https://datahive-prod-dataset-products.s3.eu-central-1.amazonaws.com/dataset/346/01aaa01e9135eef3ea509156d3420df4eeb244d1a15a5947cb72abcbaf14f172/20949477.jpg,"[""Low-Fat""]","[""Vegan"",""Vegetarian"",""Dairy-Free"",""Egg-Free"",""Peanut-Free"",""Tree-Nut-Free"",""Fish-Free"",""Shellfish-Free""]","[""Sulfites""]","[""chinese""]","[""lunch/dinner""]","[""condiments and sauces""]"
Pumpkin Overnight Oats,lifemadesweeter.com,https://lifemadesweeter.com/pumpkin-overnight-oats/,1,391.5787500019035,https://datahive-prod-dataset-products.s3.eu-central-1.amazonaws.com/dataset/346/01b00c6fc92474beb754037ecd966910a0f03554c54d7655a1fe30d286c7cfc1/21126931.jpg,"[""Balanced"",""High-Fiber"",""Low-Sodium""]","[""Vegetarian"",""Egg-Free"",""Peanut-Free"",""Soy-Free"",""Fish-Free"",""Shellfish-Free""]","[""Sulfites""]","[""american""]","[""breakfast""]","[""cereals""]"
Mushroom Risotto,tastykitchen.com,https://tastykitchen.com/recipes/sidedishes/mushroom-risotto-3/,4,2903.319406,https://datahive-prod-dataset-products.s3.eu-central-1.amazonaws.com/dataset/346/01b0683c6cf0ecbe9f4a73ba8d3687ff5266d2917a74c038c986fb525b3a16b0/21059300.jpg,"[""Balanced"",""High-Fiber""]","[""Gluten-Free"",""Egg-Free"",""Peanut-Free"",""Tree-Nut-Free"",""Soy-Free"",""Fish-Free"",""Shellfish-Free""]","[""Sulfites""]","[""italian""]","[""lunch/dinner""]","[""main course""]"
Orange Creamsicle Mimosas,cafedelites.com,https://cafedelites.com/orange-creamsicle-mimosas,6,1048.524406922023,https://datahive-prod-dataset-products.s3.eu-central-1.amazonaws.com/dataset/346/01b19b3b6991c3e7ab08cfcc1cffe0bcb1f0d88ec166bc80c4ec3177120aaf7d/21080371.jpg,"[""Low-Fat"",""Low-Sodium""]","[""Vegetarian"",""Gluten-Free"",""Egg-Free"",""Peanut-Free"",""Tree-Nut-Free"",""Soy-Free"",""Fish-Free"",""Shellfish-Free""]","[""Sulfites"",""FODMAP""]","[""world""]","[""lunch/dinner""]","[""alcohol cocktail""]"
Old Fashioned Bread Stuffing,Chez Us,http://chezus.com/2012/11/20/old-fashioned-bread-stuffing/,10,2570.363607,https://datahive-prod-dataset-products.s3.eu-central-1.amazonaws.com/dataset/346/01b3b1724f906b48dced76c2d3e9cf2f83edd100534550423e8fdb070f1c8a26/21046460.jpg,[],"[""Peanut-Free"",""Tree-Nut-Free"",""Soy-Free"",""Fish-Free"",""Shellfish-Free""]","[""Sulfites""]","[""american""]","[""lunch/dinner""]","[""bread""]"
Cream Cheese Kolache Filling,Food & Wine,https://www.foodandwine.com/recipes/cream-cheese-kolache-filling,6,1039.746564166667,https://datahive-prod-dataset-products.s3.eu-central-1.amazonaws.com/dataset/346/01badcd50f3a213523e91e007d93ae0ed95ac4d3908643810f9893f6fe0f6c26/21064895.jpg,"[""Low-Sodium""]","[""Vegetarian"",""Gluten-Free"",""Peanut-Free"",""Tree-Nut-Free"",""Soy-Free"",""Fish-Free"",""Shellfish-Free""]","[""Sulfites""]","[""american""]","[""snack""]","[""condiments and sauces""]"
Lemon Orzo Pasta Salad recipes,ohsweetbasil.com,http://www.ohsweetbasil.com/lemon-orzo-pasta-salad-recipe,9,3000.774929320569,https://datahive-prod-dataset-products.s3.eu-central-1.amazonaws.com/dataset/346/01be310c9de108049c8477b0d5cedbdb339b3cb65de688f9da6a47aa17547e8e/21133633.jpeg,"[""Balanced"",""High-Fiber""]","[""Vegan"",""Vegetarian"",""Dairy-Free"",""Egg-Free"",""Peanut-Free"",""Soy-Free"",""Fish-Free"",""Shellfish-Free""]","[""Sulfites""]","[""italian""]","[""lunch/dinner""]","[""salad""]"
Smoothie with Fruit and Veggies recipes,beyondthechickencoop.com,http://www.beyondthechickencoop.com/smoothie-with-fruit-and-veggies/,2,344.043,https://datahive-prod-dataset-products.s3.eu-central-1.amazonaws.com/dataset/346/01be35e80ee109679b1e21bac20e5094c735e24eeaac1c43ee5f217d03382c41/21109356.jpeg,"[""High-Fiber"",""Low-Sodium""]","[""Vegetarian"",""Gluten-Free"",""Egg-Free"",""Peanut-Free"",""Tree-Nut-Free"",""Soy-Free"",""Fish-Free"",""Shellfish-Free""]","[""Sulfites""]","[""american""]","[""breakfast""]","[""drinks""]"
Bananas Foster Nice Cream,tastykitchen.com,https://tastykitchen.com/recipes/desserts/bananas-foster-nice-cream/,4,363.6191666666666,https://datahive-prod-dataset-products.s3.eu-central-1.amazonaws.com/dataset/346/01bf6b86575e85f00880038a5c0bedf929428632a5ff310ff61ef36fb7a8ab48/21109328.jpg,"[""Low-Fat"",""Low-Sodium""]","[""Vegetarian"",""Gluten-Free"",""Egg-Free"",""Peanut-Free"",""Soy-Free"",""Fish-Free"",""Shellfish-Free""]","[""Sulfites""]","[""american""]","[""breakfast""]","[""desserts""]"
Light Potato Soup,danagiltner.com,http://www.danagiltner.com/2015/01/light-potato-soup/,4,962.5286354166718,https://datahive-prod-dataset-products.s3.eu-central-1.amazonaws.com/dataset/346/01c1237ac27104e03a3f12e419d2513a28389b670e20583ce203138d96f2e52b/21050194.jpg,"[""Balanced""]","[""Egg-Free"",""Peanut-Free"",""Tree-Nut-Free"",""Soy-Free"",""Fish-Free"",""Shellfish-Free""]","[""Gluten"",""Wheat"",""Sulfites""]","[""mediterranean""]","[""lunch/dinner""]","[""soup""]"
5-Minute Berry Nana Ice Cream. Vegan Recipe,crazy-cucumber.com,http://www.crazy-cucumber.com/5-minute-berry-nana-ice-cream-vegan-recipe/,4,550.56,https://datahive-prod-dataset-products.s3.eu-central-1.amazonaws.com/dataset/346/01c379369f5424f24a861e937a37bdff9b66335ef5911207e06db8e5f01dead9/21094655.jpg,"[""Low-Fat"",""Low-Sodium""]","[""Vegan"",""Vegetarian"",""Dairy-Free"",""Gluten-Free"",""Egg-Free"",""Peanut-Free"",""Tree-Nut-Free"",""Soy-Free"",""Fish-Free"",""Shellfish-Free""]","[""Sulfites""]","[""american""]","[""snack""]","[""desserts""]"
Oven-Fried Chicken,food.com,http://www.food.com/recipe/oven-fried-chicken-291839,6,2535.098416666667,https://datahive-prod-dataset-products.s3.eu-central-1.amazonaws.com/dataset/346/01c4629b02b82877913a98db7202f1ddaccee88adffd2784e8c4a94e19b37a61/21134526.jpg,"[""High-Protein"",""Low-Carb""]","[""Peanut-Free"",""Tree-Nut-Free"",""Soy-Free"",""Fish-Free"",""Shellfish-Free""]","[""Gluten"",""Wheat"",""Sulfites""]","[""american""]","[""lunch/dinner""]","[""main course""]"
Special Summer Berry Medley Recipe,recipeofhealth.com,http://recipeofhealth.com/recipe/special-summer-berry-medley-739388rb,12,1047.145,https://datahive-prod-dataset-products.s3.eu-central-1.amazonaws.com/dataset/346/01c576c87106674ee610dc59c20df2ebaf73c9543eef39b3605a337f2446f484/21094838.jpg,"[""Low-Fat"",""Low-Sodium""]","[""Vegan"",""Vegetarian"",""Dairy-Free"",""Gluten-Free"",""Egg-Free"",""Peanut-Free"",""Tree-Nut-Free"",""Soy-Free"",""Fish-Free"",""Shellfish-Free""]","[""Sulfites""]","[""american""]","[""lunch/dinner""]","[""salad""]"
Saffron Cucumber Pickles,Food & Wine,http://www.foodandwine.com/recipes/saffron-cucumber-pickles,4,755.7843797,https://datahive-prod-dataset-products.s3.eu-central-1.amazonaws.com/dataset/346/01c778e90cf887a9122ab46585f7f9e246cb30c6119b34e5c0c6d701c1a58f9e/21013492.jpg,"[""Low-Fat""]","[""Vegan"",""Vegetarian"",""Dairy-Free"",""Gluten-Free"",""Egg-Free"",""Peanut-Free"",""Tree-Nut-Free"",""Soy-Free"",""Fish-Free"",""Shellfish-Free""]",[],"[""indian""]","[""lunch/dinner""]","[""condiments and sauces""]"
Japanese Fruit Pie,Allrecipes,https://www.allrecipes.com/recipe/17020/japanese-fruit-pie,8,3347.153737997293,https://datahive-prod-dataset-products.s3.eu-central-1.amazonaws.com/dataset/346/01c8c111c07cda0253dd69598bcf581cbabcc7189207f5ca32fc174f3c7d1d34/21073022.jpg,"[""Low-Sodium""]","[""Vegetarian"",""Peanut-Free"",""Soy-Free"",""Fish-Free"",""Shellfish-Free""]","[""Tree-Nuts"",""Sulfites""]","[""american"",""japanese""]","[""lunch/dinner""]","[""desserts""]"
Tortilla Soup,tastykitchen.com,https://tastykitchen.com/recipes/soups/tortilla-soup-7/,6,2197.858115,https://datahive-prod-dataset-products.s3.eu-central-1.amazonaws.com/dataset/346/01cc10bebb35b92ab8780683f399025138d44725ccad95434a8624d66036023c/21115211.jpg,"[""High-Fiber""]","[""Gluten-Free"",""Egg-Free"",""Peanut-Free"",""Tree-Nut-Free"",""Soy-Free"",""Fish-Free"",""Shellfish-Free""]","[""Sulfites""]","[""mexican""]","[""lunch/dinner""]","[""soup""]"
Roasted Rosemary Fingerling Potatoes,McCormick,http://www.mccormick.com/Gourmet/Recipes/Salads-Sides/Roasted-Rosemary-Fingerling-Potatoes,6,950.2099998000001,https://datahive-prod-dataset-products.s3.eu-central-1.amazonaws.com/dataset/346/01cc5aadc4a0f2a8610d85c4d084b5ed30498411452c7fd933b15cb8924b8b3c/21122956.jpg,[],"[""Vegan"",""Vegetarian"",""Dairy-Free"",""Gluten-Free"",""Egg-Free"",""Peanut-Free"",""Tree-Nut-Free"",""Soy-Free"",""Fish-Free"",""Shellfish-Free""]",[],"[""mediterranean""]","[""lunch/dinner""]","[""starter""]"
Snickers Blondies,Good Housekeeping,https://www.goodhousekeeping.com/food-recipes/a14117/snickers-blondies-recipe-123648,16,2575.064,https://datahive-prod-dataset-products.s3.eu-central-1.amazonaws.com/dataset/346/01ccda7d51aa541fe654497a6b4dd00736b3a15ddeccb79d89474e5255fec959/21117915.jpg,"[""Low-Sodium""]","[""Vegetarian"",""Tree-Nut-Free"",""Fish-Free"",""Shellfish-Free""]","[""Sulfites""]","[""american""]","[""snack""]","[""desserts""]"
Dutch Oven Cobbler,Food Network,https://www.foodnetwork.com/recipes/dutch-oven-cobbler-recipe-1943019,8,4402.872,https://datahive-prod-dataset-products.s3.eu-central-1.amazonaws.com/dataset/346/01cec104a29f7de688689f4eaef9892db8253b0fb5995d7319710ed52fddeee8/21119196.jpg,[],"[""Vegetarian"",""Egg-Free"",""Peanut-Free"",""Tree-Nut-Free"",""Soy-Free"",""Fish-Free"",""Shellfish-Free""]","[""Sulfites""]","[""american"",""central europe""]","[""lunch/dinner""]","[""desserts""]"
Avocado-Alfalfa Turkey Burger,Epicurious,https://www.epicurious.com/recipes/food/views/avocado-alfalfa-turkey-burger-51196220,4,2258.382965838503,https://datahive-prod-dataset-products.s3.eu-central-1.amazonaws.com/dataset/346/01cfa3263203223e34076bb7fbba4587323d2537cabc85f6f5ef776e3a0f96e6/21022507.jpg,"[""High-Fiber""]","[""Egg-Free"",""Peanut-Free"",""Tree-Nut-Free"",""Fish-Free"",""Shellfish-Free""]","[""Sulfites""]","[""american""]","[""lunch/dinner""]","[""sandwiches""]"
Chocolate-Sunflower Butter Protein Smoothie,Allrecipes,https://www.allrecipes.com/recipe/270037/chocolate-sunflower-butter-protein-smoothie,1,416.2100000004144,https://datahive-prod-dataset-products.s3.eu-central-1.amazonaws.com/dataset/346/01d11769bb693ede148d1375d8aff005e9a08e8b81c508a6924f161d5e6470fe/21102340.jpg,"[""High-Fiber"",""Low-Carb""]","[""Vegan"",""Vegetarian"",""Dairy-Free"",""Gluten-Free"",""Egg-Free"",""Peanut-Free"",""Fish-Free"",""Shellfish-Free""]","[""Sulfites""]","[""american""]","[""breakfast""]","[""drinks""]"
Mustard Chicken Marinade,heatherdisarro.com,https://www.heatherdisarro.com/mustard-chicken-marinade,6,1542.221134166667,https://datahive-prod-dataset-products.s3.eu-central-1.amazonaws.com/dataset/346/01d42011787b6f61b8e8012a48d703cf0cd35991736739d0b6d947e917d451ce/21117891.jpg,"[""Low-Carb""]","[""Vegan"",""Vegetarian"",""Paleo"",""Dairy-Free"",""Gluten-Free"",""Egg-Free"",""Peanut-Free"",""Tree-Nut-Free"",""Soy-Free"",""Fish-Free"",""Shellfish-Free""]",[],"[""american""]","[""lunch/dinner""]","[""condiments and sauces""]"
Sous Vide Salmon with Cucumbers,Food & Wine,https://www.foodandwine.com/recipes/sous-vide-salmon-cucumbers,4,1964.594131,https://datahive-prod-dataset-products.s3.eu-central-1.amazonaws.com/dataset/346/01d434e4c7ddd3b827f1b4857624aa07e9d9395f4b807296d2b63eea8e17a928/21047871.jpg,"[""Low-Carb""]","[""Gluten-Free"",""Egg-Free"",""Peanut-Free"",""Tree-Nut-Free"",""Soy-Free"",""Shellfish-Free""]","[""Sulfites""]","[""nordic""]","[""lunch/dinner""]","[""main course""]"
FESTIVE STUFFED PEPPERS,justapinch.com,https://www.justapinch.com/recipes/side/vegetable/festive-stuffed-peppers.html,6,1744.078951,https://datahive-prod-dataset-products.s3.eu-central-1.amazonaws.com/dataset/346/01d4d46a0e823e99304615abe268bbc72750e1b315e0e7b44b3c48322ee841da/21004552.jpeg,"[""Balanced""]","[""Vegetarian"",""Gluten-Free"",""Egg-Free"",""Peanut-Free"",""Tree-Nut-Free"",""Soy-Free"",""Fish-Free"",""Shellfish-Free""]","[""Sulfites""]","[""american""]","[""lunch/dinner""]","[""main course""]"
Peppermint Chiller,justapinch.com,https://www.justapinch.com/recipes/drink/drink-cocktail/peppermint-chiller.html,6,2116.16,https://datahive-prod-dataset-products.s3.eu-central-1.amazonaws.com/dataset/346/01db10fc5e3e08e2ccc8c85f751b6884f5d142be47a80307396c233ebe54ce02/21097295.jpeg,"[""Low-Fat"",""Low-Sodium""]","[""Vegan"",""Vegetarian"",""Dairy-Free"",""Egg-Free"",""Peanut-Free"",""Tree-Nut-Free"",""Soy-Free"",""Fish-Free"",""Shellfish-Free""]","[""Sulfites"",""FODMAP""]","[""indian""]","[""lunch/dinner""]","[""drinks""]"
Leap Year Cocktail Recipe,Serious Eats,https://www.seriouseats.com/leap-year-cocktail-recipe,1,193.7670346103671,https://datahive-prod-dataset-products.s3.eu-central-1.amazonaws.com/dataset/346/01dcb0d7cfffc4acb221d84fe3ddbcf4ed2c2d70a621667d4a3671cb487bacbc/20948383.jpg,"[""Low-Fat"",""Low-Sodium""]",[],"[""Sulfites""]","[""world""]","[""lunch/dinner""]","[""alcohol cocktail""]"
Coconut Cookies,Epicurious,https://www.epicurious.com/recipes/food/views/coconut-cookies-108918,48,786.167562,https://datahive-prod-dataset-products.s3.eu-central-1.amazonaws.com/dataset/346/01dd9f61584f91756b374f425ba5019e5c28cb4d836839739dc35adbfc6a0409/20983892.jpg,"[""Low-Sodium""]","[""Vegetarian"",""Peanut-Free"",""Tree-Nut-Free"",""Soy-Free"",""Fish-Free"",""Shellfish-Free""]","[""Tree-Nuts"",""Sulfites""]","[""american""]","[""snack""]","[""biscuits and cookies""]"
Smokin' Jalapeno Poppers,recipezazz.com,https://www.recipezazz.com/recipe/smokin-jalapeno-poppers-21684,18,5098.883854,https://datahive-prod-dataset-products.s3.eu-central-1.amazonaws.com/dataset/346/01df8f50f8905dbece222cc81b0ae5a39b376b34f9f68093a46b0aedaa6bc0a7/21130065.jpg,"[""Low-Carb""]","[""Gluten-Free"",""Egg-Free"",""Peanut-Free"",""Tree-Nut-Free"",""Soy-Free"",""Fish-Free"",""Shellfish-Free""]","[""Sulfites""]","[""mexican""]","[""snack""]","[""main course""]"
Sour Cream Cookies,BigOven,https://www.bigoven.com/recipe/sour-cream-cookies/666646,48,3827.556,https://datahive-prod-dataset-products.s3.eu-central-1.amazonaws.com/dataset/346/01e2b97527eb806a328592fa5f942e8de5bba8c82a59a859127c1e4fea129136/21125734.jpg,"[""Low-Sodium""]","[""Vegetarian"",""Gluten-Free"",""Peanut-Free"",""Tree-Nut-Free"",""Soy-Free"",""Fish-Free"",""Shellfish-Free""]",[],"[""american""]","[""snack""]","[""biscuits and cookies""]"
Artichoke Dip,BigOven,http://www.bigoven.com/recipe/Artichoke-Dip/209551,4,2341.33981,https://datahive-prod-dataset-products.s3.eu-central-1.amazonaws.com/dataset/346/01e80295f027d36b9eae0f7aec876c46628fab60ff6bec121559c480ca4b8e31/21102109.jpg,"[""Low-Carb""]","[""Vegetarian"",""Gluten-Free"",""Peanut-Free"",""Tree-Nut-Free"",""Soy-Free"",""Fish-Free"",""Shellfish-Free""]","[""Sulfites""]","[""mediterranean""]","[""snack""]","[""condiments and sauces""]"
Carrot and Apple Tzimmes,The Daily Meal,http://www.thedailymeal.com/carrot-and-apple-tzimmes-recipe,6,705.7314779564026,https://datahive-prod-dataset-products.s3.eu-central-1.amazonaws.com/dataset/346/01e9e4f433efa193c59274d02e60067073e1d499cafc6086186e5bb72a509bd2/21127349.jpg,[],"[""Vegetarian"",""Gluten-Free"",""Egg-Free"",""Peanut-Free"",""Tree-Nut-Free"",""Soy-Free"",""Fish-Free"",""Shellfish-Free""]","[""Sulfites"",""FODMAP""]","[""kosher""]","[""lunch/dinner""]","[""desserts""]"
Aebleskiver,Spectacularly Delicious,http://spectacularlydelicious.com/2009/10/11/aebleskiver/,35,1695.063633340328,https://datahive-prod-dataset-products.s3.eu-central-1.amazonaws.com/dataset/346/01ebdd1c17496565b2a6e57c5e1600c19e0b0bb5092eab4031eef6f55d90575d/21133616.jpg,"[""Balanced"",""Low-Sodium""]","[""Vegetarian"",""Peanut-Free"",""Tree-Nut-Free"",""Soy-Free"",""Fish-Free"",""Shellfish-Free""]","[""Sulfites""]","[""nordic""]","[""breakfast""]","[""bread""]"
Holiday Lettuce Salad Recipe 5,Taste of Home,http://www.tasteofhome.com/Recipes/Holiday-Lettuce-Salad,14,2135.944503525101,https://datahive-prod-dataset-products.s3.eu-central-1.amazonaws.com/dataset/346/01eda4dbcd89521d99ff64991170c3359ab0ab30b5dcc19a406012a62f81dc2f/21111084.jpg,"[""Low-Sodium""]","[""Vegetarian"",""Gluten-Free"",""Egg-Free"",""Peanut-Free"",""Soy-Free"",""Fish-Free"",""Shellfish-Free""]","[""Sulfites""]","[""mexican""]","[""lunch/dinner""]","[""salad""]"
Avocado Brownie,tastykitchen.com,https://tastykitchen.com/recipes/desserts/avocado-brownie/,4,1609.245999995837,https://datahive-prod-dataset-products.s3.eu-central-1.amazonaws.com/dataset/346/01f5214644e3132e2e6c11a614deaf8473fef38e51f6ff602c7c25171d934e95/21131824.jpg,"[""High-Fiber""]","[""Vegetarian"",""Dairy-Free"",""Peanut-Free"",""Soy-Free"",""Fish-Free"",""Shellfish-Free""]","[""Sulfites""]","[""french""]","[""snack""]","[""desserts""]"
Reese’s Shortbread Bars recipes,asavoryfeast.com,http://www.asavoryfeast.com/reeses-shortbread-bars/,4,6347.465802174999,https://datahive-prod-dataset-products.s3.eu-central-1.amazonaws.com/dataset/346/01f59044ea713657fe70200ced72f47af59a695fcc6b50b0ae81a9d3620b2553/21097119.jpeg,"[""High-Fiber""]","[""Vegetarian"",""Egg-Free"",""Tree-Nut-Free"",""Soy-Free"",""Fish-Free"",""Shellfish-Free""]","[""Soy"",""Sulfites""]","[""american""]","[""snack""]","[""desserts""]"
Grapefruit Veggie Lime Juice [No Sugar Add,sugarfreemom.com,http://www.sugarfreemom.com/recipes/grapefruit-veggie-lime-juice-no-sugar-added/,2,155.51,https://datahive-prod-dataset-products.s3.eu-central-1.amazonaws.com/dataset/346/01f679da895e17560db8b5ca039e48498a763b3ddb6d01f47eabf31af8f67a8f/21077039.jpg,"[""Low-Fat"",""Low-Sodium""]","[""Vegan"",""Vegetarian"",""Paleo"",""Dairy-Free"",""Gluten-Free"",""Egg-Free"",""Peanut-Free"",""Tree-Nut-Free"",""Soy-Free"",""Fish-Free"",""Shellfish-Free""]","[""Sulfites""]","[""american""]","[""snack""]","[""drinks""]"
Layered Southwestern Cornbread Salad,foxeslovelemons.com,https://foxeslovelemons.com/layered-southwestern-cornbread-salad,10,8039.571941934029,https://datahive-prod-dataset-products.s3.eu-central-1.amazonaws.com/dataset/346/01facc52edf2581d1c0865b3158326dad7c9e599d8a3219a304737615cd7be29/21133361.jpg,"[""Balanced"",""High-Fiber""]","[""Peanut-Free"",""Tree-Nut-Free"",""Soy-Free"",""Fish-Free"",""Shellfish-Free""]","[""Sulfites""]","[""american""]","[""lunch/dinner""]","[""salad""]"
Cal's Nutri-Bomb Green Smoothie,food.com,http://www.food.com/recipe/cals-nutri-bomb-green-smoothie-518993,4,688.7318452379982,https://datahive-prod-dataset-products.s3.eu-central-1.amazonaws.com/dataset/346/01fc95deb9e618765fe6f396309b27cd83eaaca4506e98c2882ccfaf679ee998/21097515.jpg,"[""Balanced"",""High-Fiber"",""Low-Sodium""]","[""Vegan"",""Vegetarian"",""Dairy-Free"",""Gluten-Free"",""Egg-Free"",""Peanut-Free"",""Tree-Nut-Free"",""Soy-Free"",""Fish-Free"",""Shellfish-Free""]","[""Sulfites""]","[""american""]","[""breakfast""]","[""drinks""]"
Perfect Brown Rice Recipe,Martha Stewart,https://www.marthastewart.com/924877/master-recipe-brown-rice,4,687.8000000000001,https://datahive-prod-dataset-products.s3.eu-central-1.amazonaws.com/dataset/346/01fde71da9c5f3264742ab00cf516a23b8403796ea669af9088d9f8ac233f771/20954758.jpg,"[""Low-Fat"",""Low-Sodium""]","[""Low Sugar"",""Vegan"",""Vegetarian"",""Dairy-Free"",""Gluten-Free"",""Egg-Free"",""Peanut-Free"",""Tree-Nut-Free"",""Soy-Free"",""Fish-Free"",""Shellfish-Free""]",[],"[""chinese""]","[""lunch/dinner""]","[""main course""]"
Apple Cinnamon Turnovers,BigOven,https://www.bigoven.com/recipe/apple-cinnamon-turnovers/722748,8,973.7725206713571,https://datahive-prod-dataset-products.s3.eu-central-1.amazonaws.com/dataset/346/01fdec6416ba653b00a640841921d7c60e4d3e6d0851d2f3dfa5bfed017216d1/21128798.jpg,[],"[""Vegetarian"",""Egg-Free"",""Peanut-Free"",""Tree-Nut-Free"",""Soy-Free"",""Fish-Free"",""Shellfish-Free""]","[""Sulfites""]","[""middle eastern""]","[""breakfast""]","[""desserts""]"
Shtetl Toast,Saveur,https://www.saveur.com/gribenes-chicken-skin-shtetl-toast-recipe/,4,4776.567387779689,https://datahive-prod-dataset-products.s3.eu-central-1.amazonaws.com/dataset/346/01fe0ab0056881295842fb69ca7d2fdc4ed517f0786f665470181e4332debc05/20970153.jpg,"[""Low-Carb""]","[""Dairy-Free"",""Egg-Free"",""Peanut-Free"",""Tree-Nut-Free"",""Soy-Free"",""Fish-Free"",""Shellfish-Free""]","[""Sulfites""]","[""south american""]","[""lunch/dinner""]","[""main course""]"
Melon (Filipino Cantaloupe Juice) Recipe,Serious Eats,https://www.seriouseats.com/melon-filipino-cantaloupe-juice,16,808.2159269625001,https://datahive-prod-dataset-products.s3.eu-central-1.amazonaws.com/dataset/346/01ff9c37202f091097a09e481156effed7fa0ac71b78b59e301031825a191831/20948353.jpg,"[""Low-Fat"",""Low-Sodium""]","[""Vegetarian"",""Gluten-Free"",""Egg-Free"",""Peanut-Free"",""Tree-Nut-Free"",""Soy-Free"",""Fish-Free"",""Shellfish-Free""]","[""Sulfites""]","[""asian"",""american""]","[""lunch/dinner""]","[""drinks""]"
Tomato Toast with Chives and Sesame Seeds,Bon Appetit,https://www.bonappetit.com/recipe/tomato-toast-with-chives-and-sesame-seeds,4,1325.299230001785,https://datahive-prod-dataset-products.s3.eu-central-1.amazonaws.com/dataset/346/0200483dfafd44134ec57fde2f7f7d6bc865dd2f41c957b44f7e21afacb79efa/21037240.jpg,[],"[""Vegetarian"",""Dairy-Free"",""Peanut-Free"",""Tree-Nut-Free"",""Soy-Free"",""Fish-Free"",""Shellfish-Free""]","[""Sulfites""]","[""italian""]","[""lunch/dinner""]","[""main course""]"
DIY Cheese Salad Bowls,coolcreativity.com,https://coolcreativity.com/food/diy-cheese-salad-bowls,8,1653.5165,https://datahive-prod-dataset-products.s3.eu-central-1.amazonaws.com/dataset/346/0204e721c704e05b9d757596cbd5c42fc65469ccdb15014130a0e47051bee104/21113598.jpg,"[""Low-Carb""]","[""Vegetarian"",""Egg-Free"",""Peanut-Free"",""Tree-Nut-Free"",""Soy-Free"",""Fish-Free"",""Shellfish-Free""]","[""Sulfites"",""FODMAP""]","[""south american""]","[""lunch/dinner""]","[""salad""]"
Tofu Hummus,Allrecipes,https://www.allrecipes.com/recipe/19771/tofu-hummus/,8,1298.474496,https://datahive-prod-dataset-products.s3.eu-central-1.amazonaws.com/dataset/346/0206275cbafad0549e9e97f8fa3b1faa5d36fb5cf2777765ffa79bb90e38b84b/21103407.jpg,"[""Balanced""]","[""Vegan"",""Vegetarian"",""Dairy-Free"",""Gluten-Free"",""Egg-Free"",""Tree-Nut-Free"",""Fish-Free"",""Shellfish-Free""]","[""Gluten"",""Wheat"",""Sulfites""]","[""asian""]","[""lunch/dinner""]","[""condiments and sauces""]"
"Ricotta, Pecorino and Parmesan Ravioli",Food Network,https://www.foodnetwork.com/recipes/jamie-oliver/ricotta-pecorino-and-parmesan-ravioli-recipe-1941467,4,2826.543499,https://datahive-prod-dataset-products.s3.eu-central-1.amazonaws.com/dataset/346/026c047af4f5b7f0364b00cced4641ec66d8f7dcb83fb7a0a45a14fdd8b5dfb6/21124199.jpg,"[""Balanced"",""High-Fiber""]","[""Peanut-Free"",""Tree-Nut-Free"",""Soy-Free"",""Fish-Free"",""Shellfish-Free""]","[""Sulfites""]","[""italian""]","[""lunch/dinner""]","[""main course""]"
Adult Cocktails,Food Network,https://www.foodnetwork.com/recipes/adult-cocktails-recipe-2121751,1,369.2947245569375,https://datahive-prod-dataset-products.s3.eu-central-1.amazonaws.com/dataset/346/026c047af4f5b7f0364b00cced4641ec66d8f7dcb83fb7a0a45a14fdd8b5dfb6/21124199.jpg,"[""Low-Fat"",""Low-Sodium""]",[],"[""Wheat"",""Sulfites""]","[""world""]","[""lunch/dinner""]","[""alcohol cocktail""]"
Potato Crisps With Chive-Sour Cream Dip,Food & Wine,http://www.foodandwine.com/recipes/potato-crisps-with-chive-sour-cream-dip,18,7128.196808596112,https://datahive-prod-dataset-products.s3.eu-central-1.amazonaws.com/dataset/346/0208bc6934ee7b8211eea60f50ebd4f3e4f0a72fea0ba0c5b0830098675d2f53/21043915.jpg,"[""Low-Carb""]","[""Vegetarian"",""Gluten-Free"",""Egg-Free"",""Peanut-Free"",""Tree-Nut-Free"",""Soy-Free"",""Fish-Free"",""Shellfish-Free""]","[""Sulfites""]","[""mediterranean""]","[""snack""]","[""starter""]"
Honeynut Squash Casserole with Sage Marshmallow Topping,EatingWell,https://www.eatingwell.com/recipe/7869454/honeynut-squash-casserole-with-sage-marshmallow-topping,16,3137.711664,https://datahive-prod-dataset-products.s3.eu-central-1.amazonaws.com/dataset/346/0208bcbbcd65ff837c3f4be7f4c858bb5001f2380117b870f03bab4af5340d19/21085095.jpg,[],"[""Vegetarian"",""Gluten-Free"",""Peanut-Free"",""Tree-Nut-Free"",""Soy-Free"",""Fish-Free"",""Shellfish-Free""]",[],"[""american""]","[""lunch/dinner""]","[""main course""]"
Beet And Potato Salad,Martha Stewart,http://www.marthastewart.com/313551/beet-and-potato-salad,6,2158.380602900356,https://datahive-prod-dataset-products.s3.eu-central-1.amazonaws.com/dataset/346/0208cc74e84f798634807aca7babf8ec2db0d9807e2928ecc7a2e498605aa657/21002925.jpg,"[""High-Fiber""]","[""Vegetarian"",""Peanut-Free"",""Tree-Nut-Free"",""Soy-Free"",""Fish-Free"",""Shellfish-Free""]","[""Sulfites""]","[""nordic""]","[""lunch/dinner""]","[""salad""]"
Candied Sweet Potatoes- Thanksgiving Side Dish recipes,thegraciouswife.com,http://www.thegraciouswife.com/candied-sweet-potatoes-thanksgiving-side-dish-recipe/,8,1517.256,https://datahive-prod-dataset-products.s3.eu-central-1.amazonaws.com/dataset/346/0208da0466b8218eba5f964cc31b28be17c55ed496ea5c312f5d1cab45da06aa/21133704.jpeg,"[""Low-Sodium""]","[""Vegetarian"",""Gluten-Free"",""Egg-Free"",""Peanut-Free"",""Tree-Nut-Free"",""Soy-Free"",""Fish-Free"",""Shellfish-Free""]",[],"[""american""]","[""lunch/dinner""]","[""special occasions"",""starter""]"
Linguine With Honey Sauced Prawns,food.com,http://www.food.com/recipe/linguine-with-honey-sauced-prawns-513928,2,1281.012825200016,https://datahive-prod-dataset-products.s3.eu-central-1.amazonaws.com/dataset/346/0208ebb3bcbab10817caff24ed256bd34a4e4b22f4c63b2abcb6c4b65ec2b25f/21085128.jpg,"[""Low-Fat""]","[""Dairy-Free"",""Egg-Free"",""Peanut-Free"",""Tree-Nut-Free"",""Soy-Free"",""Fish-Free""]","[""Sulfites""]","[""south east asian""]","[""lunch/dinner""]","[""main course""]"
Lime and Galangal Butter Sauce,Allrecipes,https://www.allrecipes.com/recipe/160591/lime-and-galangal-butter-sauce/,2,566.1097461665325,https://datahive-prod-dataset-products.s3.eu-central-1.amazonaws.com/dataset/346/020a23b7a8157e9ddcc73f6ac635782adcf2dfae23696711a91b765be54a8cac/21079901.jpg,[],"[""Vegetarian"",""Gluten-Free"",""Egg-Free"",""Peanut-Free"",""Tree-Nut-Free"",""Soy-Free"",""Fish-Free"",""Shellfish-Free""]","[""Sulfites""]","[""american""]","[""lunch/dinner""]","[""condiments and sauces""]"
Vanilla-Chocolate Sandwich Cookies,Food Network,https://www.foodnetwork.com/recipes/food-network-kitchen/vanilla-chocolate-sandwich-cookies-3361579,30,5843.855273248068,https://datahive-prod-dataset-products.s3.eu-central-1.amazonaws.com/dataset/346/020d33f8e3588210f0c24c1c4b09060ebd9cb0b86bc762e6dad0d04496b14705/21125273.jpg,"[""Low-Sodium""]","[""Vegetarian"",""Peanut-Free"",""Tree-Nut-Free"",""Soy-Free"",""Fish-Free"",""Shellfish-Free""]","[""Sulfites""]","[""american""]","[""lunch/dinner""]","[""sandwiches""]"
Creamy Chicken & Mushrooms,EatingWell,https://www.eatingwell.com/recipe/259645/creamy-chicken-mushrooms,4,1177.7177,https://datahive-prod-dataset-products.s3.eu-central-1.amazonaws.com/dataset/346/0210585765a9374c50fc15947be7de87aacebad92ee889c05c12eede8f066391/20984469.jpg,"[""Low-Carb"",""Low-Sodium""]","[""Gluten-Free"",""Egg-Free"",""Peanut-Free"",""Tree-Nut-Free"",""Soy-Free"",""Fish-Free"",""Shellfish-Free""]","[""Sulfites""]","[""french""]","[""lunch/dinner""]","[""main course""]"
Roasted Rutabaga,Allrecipes,https://www.allrecipes.com/recipe/278188/roasted-rutabaga,4,398.8242500000001,https://datahive-prod-dataset-products.s3.eu-central-1.amazonaws.com/dataset/346/02126a6c2905e743aec9231898d900a840c4c5abfe5ba0ed7413d39ace3669a8/21122811.jpg,[],"[""Vegan"",""Vegetarian"",""Dairy-Free"",""Gluten-Free"",""Egg-Free"",""Peanut-Free"",""Tree-Nut-Free"",""Soy-Free"",""Fish-Free"",""Shellfish-Free""]","[""Sulfites""]","[""mediterranean""]","[""lunch/dinner""]","[""main course""]"
Roasted Beets Recipe,teriskitchen.com,http://teriskitchen.com/vegetables-recipes/roasted-beets.html,4,429.8610644689348,https://datahive-prod-dataset-products.s3.eu-central-1.amazonaws.com/dataset/346/0214143dcf7186aa87f1559f167a74c449c060b90e1838bfceef4c6c7f114a47/21021046.jpg,"[""Balanced""]","[""Vegan"",""Vegetarian"",""Paleo"",""Dairy-Free"",""Gluten-Free"",""Egg-Free"",""Peanut-Free"",""Tree-Nut-Free"",""Soy-Free"",""Fish-Free"",""Shellfish-Free""]",[],"[""american""]","[""lunch/dinner""]","[""main course""]"
Pineapple Fried Rice recipes,healthynibblesandbits.com,http://healthynibblesandbits.com/pineapple-fried-rice/,5,2409.578638888016,https://datahive-prod-dataset-products.s3.eu-central-1.amazonaws.com/dataset/346/02166c88e2607cbd44ec7583c8c1875a9338f05669a17d2921c7958b81cacd9f/21116825.jpeg,"[""Balanced"",""High-Fiber""]","[""Vegetarian"",""Dairy-Free"",""Peanut-Free"",""Tree-Nut-Free"",""Fish-Free"",""Shellfish-Free""]","[""Sulfites""]","[""chinese""]","[""lunch/dinner""]","[""main course""]"
Creamy Cashew Caesar Dressing [Vegan],bakedgreens.com,http://www.bakedgreens.com/creamy-cashew-caesar-dressing-vegan/,6,1092.93175,https://datahive-prod-dataset-products.s3.eu-central-1.amazonaws.com/dataset/346/0219a756190611737b1ae40c114bac39aee7c3d089dad8879ca769f29c38fe8e/21097406.jpg,"[""Low-Carb""]","[""Vegan"",""Vegetarian"",""Paleo"",""Dairy-Free"",""Gluten-Free"",""Egg-Free"",""Peanut-Free"",""Soy-Free"",""Fish-Free"",""Shellfish-Free""]","[""Sulfites""]","[""american""]","[""lunch/dinner""]","[""condiments and sauces""]"
Baked Potato Nachos,How Sweet It Is,http://www.howsweeteats.com/2011/02/baked-potato-nachos-25-super-bowl-recipes/,4,2631.06,https://datahive-prod-dataset-products.s3.eu-central-1.amazonaws.com/dataset/346/0219aab1d10a25a4047c98097107d5345a7cff715b6fb6282206c5bd58d1a987/21025433.jpg,"[""High-Fiber"",""Low-Fat""]","[""Vegan"",""Vegetarian"",""Dairy-Free"",""Gluten-Free"",""Egg-Free"",""Peanut-Free"",""Tree-Nut-Free"",""Soy-Free"",""Fish-Free"",""Shellfish-Free""]",[],"[""mexican""]","[""lunch/dinner""]","[""starter""]"
Watermelon Gin Fizz,ashleybrookedesigns.com,https://ashleybrookedesigns.com/in-the-kitchen-with-abd-watermelon-gin-fizz/,2,256.2609916,https://datahive-prod-dataset-products.s3.eu-central-1.amazonaws.com/dataset/346/021b4206c1a3031825754b90d6f0f05fa8da57487d5e327f69aad0cb7a5f55c0/21097089.jpg,"[""Low-Fat"",""Low-Sodium""]",[],"[""Sulfites""]","[""world""]","[""lunch/dinner""]","[""alcohol cocktail""]"
Tomato Soup With Parmesan Croutons,Pioneer Woman,http://thepioneerwoman.com/cooking/2015/01/tomato-soup-with-parmesan-croutons/,12,2273.292621,https://datahive-prod-dataset-products.s3.eu-central-1.amazonaws.com/dataset/346/021b5fc4ae3c1d4249565a4d8733b7de79ab78243cfd8e672933a6a4ab7d7335/21012664.jpg,"[""Balanced"",""High-Fiber""]","[""Egg-Free"",""Peanut-Free"",""Tree-Nut-Free"",""Soy-Free"",""Fish-Free"",""Shellfish-Free""]","[""Sulfites""]","[""italian""]","[""lunch/dinner""]","[""soup""]"
Bourbon Glaze,Allrecipes,https://www.allrecipes.com/recipe/37622/bourbon-glaze,24,1108.241190730477,https://datahive-prod-dataset-products.s3.eu-central-1.amazonaws.com/dataset/346/0220c186f665081e9319fb1e84e35a8287d58e2546960a0f478f1e5bcc75c35b/21040625.jpg,"[""Low-Fat"",""Low-Sodium""]","[""Dairy-Free"",""Egg-Free"",""Peanut-Free"",""Tree-Nut-Free"",""Soy-Free"",""Shellfish-Free""]","[""Sulfites""]","[""world""]","[""lunch/dinner""]","[""alcohol cocktail""]"
"Moroccan-Style Tilapia With Cumin, Mango and Cilantro Recipe",food.com,http://www.food.com/recipe/moroccan-style-tilapia-with-cumin-mango-and-cilantro-recipe-503619,4,892.6488439999999,https://datahive-prod-dataset-products.s3.eu-central-1.amazonaws.com/dataset/346/02232c95bf8f5ff507d426553476acbdd5aa0b0972aed2d7651d8778976fcf57/21006653.jpg,"[""High-Protein""]","[""Paleo"",""Dairy-Free"",""Gluten-Free"",""Egg-Free"",""Peanut-Free"",""Tree-Nut-Free"",""Soy-Free"",""Shellfish-Free""]","[""Sulfites""]","[""middle eastern""]","[""lunch/dinner""]","[""main course""]"
Crostini,Food Network,https://www.foodnetwork.com/recipes/michael-chiarello/crostini-recipe-1942374,10,1101.217536,https://datahive-prod-dataset-products.s3.eu-central-1.amazonaws.com/dataset/346/026c047af4f5b7f0364b00cced4641ec66d8f7dcb83fb7a0a45a14fdd8b5dfb6/21124199.jpg,[],"[""Vegan"",""Vegetarian"",""Dairy-Free"",""Egg-Free"",""Peanut-Free"",""Tree-Nut-Free"",""Soy-Free"",""Fish-Free"",""Shellfish-Free""]",[],"[""italian""]","[""snack""]","[""bread""]"
Creamy Tomato Pasta with Chicken recipes,longbournfarm.com,http://longbournfarm.com/2017/02/14/creamy-tomato-pasta-with-chicken/,3,3424.362786450198,https://datahive-prod-dataset-products.s3.eu-central-1.amazonaws.com/dataset/346/022b9f0c87871441f30db080d547e9f587ec4dee8b412267f80109a59551f461/21059288.jpeg,"[""Balanced"",""High-Fiber""]","[""Egg-Free"",""Peanut-Free"",""Tree-Nut-Free"",""Soy-Free"",""Fish-Free"",""Shellfish-Free""]","[""Sulfites""]","[""italian""]","[""lunch/dinner""]","[""main course""]"
Pineapple Agua Fresca,naivecookcooks.com,http://www.naivecookcooks.com/pineapple-agua-fresca/,4,472.6600000000001,https://datahive-prod-dataset-products.s3.eu-central-1.amazonaws.com/dataset/346/022ea6857825f1be1dc1a327592efc8c3c82d2e3bb3dac2870d90f20ae4a8532/21135290.jpg,"[""Low-Fat"",""Low-Sodium""]","[""Vegetarian"",""Dairy-Free"",""Gluten-Free"",""Egg-Free"",""Peanut-Free"",""Tree-Nut-Free"",""Soy-Free"",""Fish-Free"",""Shellfish-Free""]","[""Sulfites""]","[""mediterranean""]","[""snack""]","[""drinks""]"
Espárragos Trigueros con Jamón,Delish,http://www.delish.com/cooking/recipe-ideas/recipes/a2938/esparragos-trigueros-jamon-1/,4,175.44928,https://datahive-prod-dataset-products.s3.eu-central-1.amazonaws.com/dataset/346/022f87c8251828afddc02aa87a9e8976947b74e63c03387cedfa1364634d5aa4/21074775.jpg,"[""Low-Carb""]","[""Paleo"",""Dairy-Free"",""Gluten-Free"",""Egg-Free"",""Peanut-Free"",""Tree-Nut-Free"",""Soy-Free"",""Fish-Free"",""Shellfish-Free""]","[""Sulfites""]","[""italian""]","[""lunch/dinner""]","[""main course""]"
Herbed Pork Chops with Homemade Rub,Allrecipes,https://www.allrecipes.com/recipe/237667/herbed-pork-chops-with-homemade-rub,4,1577.994000006001,https://datahive-prod-dataset-products.s3.eu-central-1.amazonaws.com/dataset/346/0231c1b696251a7a9b1ba0be66382806f4b7e5bada47052334c1e4d03ca92912/21061882.jpg,"[""High-Fiber"",""Low-Carb""]","[""Dairy-Free"",""Gluten-Free"",""Egg-Free"",""Peanut-Free"",""Tree-Nut-Free"",""Soy-Free"",""Fish-Free"",""Shellfish-Free""]","[""Sulfites""]","[""british""]","[""lunch/dinner""]","[""main course""]"
Skillet Quinoa with Black Beans Cilantro and Feta,stlcooks.com,https://stlcooks.com/skillet-quinoa-with-black-beans-cilantro-and-feta/,6,1465.823991,https://datahive-prod-dataset-products.s3.eu-central-1.amazonaws.com/dataset/346/0238609dafe1a2e7b1adf745eda528853f0b6e879dc270cfaa7626003bd9e0d6/21083858.jpg,"[""Balanced"",""High-Fiber""]","[""Vegetarian"",""Gluten-Free"",""Egg-Free"",""Peanut-Free"",""Soy-Free"",""Fish-Free"",""Shellfish-Free""]","[""Sulfites""]","[""mediterranean"",""greek""]","[""lunch/dinner""]","[""main course""]"
Slow Cooker Beef Stew I,mypinrecipes.blogspot.com,http://mypinrecipes.blogspot.com/2013/09/slow-cooker-beef-stew-i.html,8,2007.692120333557,https://datahive-prod-dataset-products.s3.eu-central-1.amazonaws.com/dataset/346/02399bb9c456dfa6b9d20f04d0a8be150cc9019aeb4dfc900971757d290152cb/21065582.jpg,[],"[""Dairy-Free"",""Egg-Free"",""Peanut-Free"",""Tree-Nut-Free"",""Soy-Free"",""Shellfish-Free""]","[""Sulfites""]","[""american""]","[""lunch/dinner""]","[""main course""]"
Roasted Golden Beet & Goat Cheese Napoleons With Citrus Vinaigrette Recipe,Group Recipes,http://www.grouprecipes.com/116432/roasted-golden-beet-goat-cheese-napoleons-with-citrus-vinaigrette.html,4,2303.707786181679,https://datahive-prod-dataset-products.s3.eu-central-1.amazonaws.com/dataset/346/023b3e044a21fd507833c8976abd4c3dfb89c9706dbd1fa8bc7c627293c939c4/21075874.jpg,"[""Low-Carb""]","[""Vegetarian"",""Gluten-Free"",""Egg-Free"",""Peanut-Free"",""Soy-Free"",""Fish-Free"",""Shellfish-Free""]","[""Sulfites"",""FODMAP""]","[""mediterranean""]","[""lunch/dinner""]","[""main course""]"
Double Chocolate Cranberry Cookies,Allrecipes,https://www.allrecipes.com/recipe/282651/double-chocolate-cranberry-cookies,72,6124.372,https://datahive-prod-dataset-products.s3.eu-central-1.amazonaws.com/dataset/346/023f2e131dc7c907f7fce103d8c81a2ea0bc41029c20eb96939b9dd54b644e33/21099972.jpg,"[""Low-Sodium""]","[""Vegetarian"",""Peanut-Free"",""Tree-Nut-Free"",""Soy-Free"",""Fish-Free"",""Shellfish-Free""]","[""Sulfites""]","[""american""]","[""snack""]","[""desserts""]"
Basic Sugar Cookies,Delish,http://www.delish.com/cooking/recipe-ideas/recipes/a34831/basic-sugar-cookies-recipe-wdy1212/,50,3550.157,https://datahive-prod-dataset-products.s3.eu-central-1.amazonaws.com/dataset/346/02404d0c98e4d8ad57921d490356ee5fce996bdad5a27cc5f746a55f6dab833d/21113087.jpg,"[""Low-Sodium""]","[""Vegetarian"",""Peanut-Free"",""Tree-Nut-Free"",""Soy-Free"",""Fish-Free"",""Shellfish-Free""]",[],"[""american""]","[""snack""]","[""biscuits and cookies""]"
Taste of the Tropics Oats,superhealthykids.com,https://www.superhealthykids.com/recipes/taste-of-the-tropics-oats/,4,1617.77,https://datahive-prod-dataset-products.s3.eu-central-1.amazonaws.com/dataset/346/0242b6efec5fe43fbe4ef945658486bd6e08992ad660085fc0afdabb3f0046b7/21036008.jpg,"[""Balanced"",""High-Fiber""]","[""Vegan"",""Vegetarian"",""Dairy-Free"",""Gluten-Free"",""Egg-Free"",""Peanut-Free"",""Soy-Free"",""Fish-Free"",""Shellfish-Free""]","[""Gluten"",""Wheat"",""Tree-Nuts"",""Sulfites""]","[""american""]","[""breakfast""]","[""cereals""]"
Pressure Cooker Chicken Broth,Good Housekeeping,https://www.goodhousekeeping.com/food-recipes/a9216/pressure-cooker-chicken-broth,2,107.54276,https://datahive-prod-dataset-products.s3.eu-central-1.amazonaws.com/dataset/346/0243a62b4023f7033b2095d385819f57b3c884078b246b54c4ecde2018c4d03b/21097087.jpg,"[""Low-Carb"",""Low-Sodium""]","[""Paleo"",""Dairy-Free"",""Gluten-Free"",""Egg-Free"",""Peanut-Free"",""Tree-Nut-Free"",""Soy-Free"",""Fish-Free"",""Shellfish-Free""]",[],"[""american""]","[""lunch/dinner""]","[""soup""]"
Roasted Cauliflower with Lemon & Dijon recipes,culinary-cool.com,http://www.culinary-cool.com/roasted-cauliflower-with-lemon-dijon/,4,493.929025,https://datahive-prod-dataset-products.s3.eu-central-1.amazonaws.com/dataset/346/0243ea41f02c670d8a04bf7754db33bd3e2857af3bd5360fbd7832d425173fdb/21113063.jpeg,"[""Low-Carb""]","[""Vegetarian"",""Gluten-Free"",""Egg-Free"",""Peanut-Free"",""Tree-Nut-Free"",""Soy-Free"",""Fish-Free"",""Shellfish-Free""]","[""Sulfites""]","[""french""]","[""lunch/dinner""]","[""main course""]"
Ratatouille,food.com,http://www.food.com/recipe/ratatouille-61658,4,635.2557035000001,https://datahive-prod-dataset-products.s3.eu-central-1.amazonaws.com/dataset/346/0247b61cd5d25389c874ee884f93114ea1b67dabf018c7b3eb21b342577c58d2/21127169.jpg,"[""High-Fiber""]","[""Vegan"",""Vegetarian"",""Paleo"",""Dairy-Free"",""Gluten-Free"",""Egg-Free"",""Peanut-Free"",""Tree-Nut-Free"",""Soy-Free"",""Fish-Free"",""Shellfish-Free""]",[],"[""french""]","[""lunch/dinner""]","[""main course""]"
Mango Smoothie,food.com,http://www.food.com/recipe/mango-smoothie-136018,2,635.5039999999999,https://datahive-prod-dataset-products.s3.eu-central-1.amazonaws.com/dataset/346/024950518b29078d6133242e4a2b18d6f3859853d3ea1cee43fcf74ea43d878c/21071717.jpg,"[""High-Fiber"",""Low-Fat"",""Low-Sodium""]","[""Vegetarian"",""Gluten-Free"",""Peanut-Free"",""Tree-Nut-Free"",""Soy-Free"",""Fish-Free"",""Shellfish-Free""]","[""Sulfites""]","[""american""]","[""breakfast""]","[""drinks""]"
Cod with Fresh Herb Sauce,rockymountaincooking.com,https://rockymountaincooking.com/2019/04/cod-with-fresh-herb-sauce-2,8,2006.794839,https://datahive-prod-dataset-products.s3.eu-central-1.amazonaws.com/dataset/346/024ac4d740b9e190008c2cd486e55d5d2027ed9fd95280bccd9bdeef8593d9eb/21039078.jpg,"[""Low-Carb""]","[""Paleo"",""Dairy-Free"",""Gluten-Free"",""Egg-Free"",""Peanut-Free"",""Tree-Nut-Free"",""Soy-Free"",""Shellfish-Free""]","[""Sulfites""]","[""italian""]","[""lunch/dinner""]","[""main course""]"
Buffalo Deviled Eggs,recipezazz.com,https://www.recipezazz.com/recipe/buffalo-deviled-eggs-20996,6,1169.882439999336,https://datahive-prod-dataset-products.s3.eu-central-1.amazonaws.com/dataset/346/024bc7590956823aa56fa6fab08100a49f3a3ca163be9c9d4ec5d4260eb9e49f/21135785.jpg,"[""Low-Carb""]","[""Peanut-Free"",""Tree-Nut-Free"",""Fish-Free"",""Shellfish-Free""]","[""Sulfites""]","[""american""]","[""lunch/dinner""]","[""starter""]"
Basmati Rice Salad,Food Network,https://www.foodnetwork.com/recipes/bobby-flay/basmati-rice-salad-recipe-1918338,4,2421.503491972957,https://datahive-prod-dataset-products.s3.eu-central-1.amazonaws.com/dataset/346/026c047af4f5b7f0364b00cced4641ec66d8f7dcb83fb7a0a45a14fdd8b5dfb6/21124199.jpg,[],"[""Vegan"",""Vegetarian"",""Dairy-Free"",""Gluten-Free"",""Egg-Free"",""Peanut-Free"",""Soy-Free"",""Fish-Free"",""Shellfish-Free""]","[""Sulfites""]","[""indian""]","[""lunch/dinner""]","[""salad""]"
"Chicken, Zucchini and Prosciutto",BigOven,https://www.bigoven.com/recipe/chicken-zucchini-and-prosciutto/166836,4,1870.9295,https://datahive-prod-dataset-products.s3.eu-central-1.amazonaws.com/dataset/346/025108c6733aa94d86035e11ae13cafa79e743e07b746622a8c791686ba967be/21052061.jpg,"[""High-Protein"",""Low-Carb""]","[""Paleo"",""Dairy-Free"",""Gluten-Free"",""Egg-Free"",""Peanut-Free"",""Tree-Nut-Free"",""Soy-Free"",""Fish-Free"",""Shellfish-Free""]","[""Sulfites""]","[""italian""]","[""lunch/dinner""]","[""main course""]"
Pecan Pie Crust,food.com,http://www.food.com/recipe/pecan-pie-crust-30630,6,1579.794250001111,https://datahive-prod-dataset-products.s3.eu-central-1.amazonaws.com/dataset/346/02534dcf7d323e353404beff36b5bcc0447360d5d72fe7f555180fd6f4461dc7/21102813.jpg,"[""Low-Carb"",""Low-Sodium""]","[""Vegetarian"",""Gluten-Free"",""Egg-Free"",""Peanut-Free"",""Soy-Free"",""Fish-Free"",""Shellfish-Free""]",[],"[""american""]","[""lunch/dinner""]","[""desserts""]"
Radish and Carrot Salad with Blueberries,eatsmarter.com,https://eatsmarter.com/recipes/radish-and-carrot-salad-with-blueberries,1,255.1653352711438,https://datahive-prod-dataset-products.s3.eu-central-1.amazonaws.com/dataset/346/0254385d99b33f58bd01931bde840dad842b57b69f490fedff63bc14f7ea469b/21114252.jpg,"[""High-Fiber""]","[""Vegan"",""Vegetarian"",""Dairy-Free"",""Gluten-Free"",""Egg-Free"",""Peanut-Free"",""Soy-Free"",""Fish-Free"",""Shellfish-Free""]","[""Sulfites""]","[""south american""]","[""lunch/dinner""]","[""salad""]"
Raspberry Sherbet Party Punch,natashaskitchen.com,https://natashaskitchen.com/raspberry-sherbet-party-punch/,18,1565.170287941012,https://datahive-prod-dataset-products.s3.eu-central-1.amazonaws.com/dataset/346/0254c753a8d8a52691636323b77fbd61717414db2cd1435703d2aaa4ecc48721/21118052.jpg,"[""Low-Fat"",""Low-Sodium""]","[""Vegetarian"",""Gluten-Free"",""Egg-Free"",""Peanut-Free"",""Tree-Nut-Free"",""Soy-Free"",""Fish-Free"",""Shellfish-Free""]","[""Sulfites""]","[""american""]","[""snack""]","[""drinks""]"
Fried Eggs Over Hard,sonshinekitchen.com,https://www.sonshinekitchen.com/fried-eggs-difference-fried-eggs-over-hard-recipe/,1,163.441465,https://datahive-prod-dataset-products.s3.eu-central-1.amazonaws.com/dataset/346/0254f419ef908ced763c2ef568bfd085835b8110b0347adb482c58db5686973e/21081795.jpg,"[""Low-Carb""]","[""Vegetarian"",""Paleo"",""Dairy-Free"",""Gluten-Free"",""Peanut-Free"",""Tree-Nut-Free"",""Soy-Free"",""Fish-Free"",""Shellfish-Free""]",[],"[""american""]","[""breakfast""]","[""main course""]"
Herbed porterhouse with roasted kipfler wedges,womensweeklyfood.com.au,https://www.womensweeklyfood.com.au/recipes/herbed-porterhouse-with-roasted-kipfler-wedges-11228,4,6250.616353661004,https://datahive-prod-dataset-products.s3.eu-central-1.amazonaws.com/dataset/346/02586905d3ae55864c01bf6d11118044a459e9714a6f134d42d36c089d4c6ccc/21093086.jpg,"[""High-Fiber"",""Low-Carb""]","[""Dairy-Free"",""Egg-Free"",""Peanut-Free"",""Tree-Nut-Free"",""Soy-Free"",""Fish-Free"",""Shellfish-Free""]","[""Sulfites""]","[""french""]","[""lunch/dinner""]","[""main course""]"
Super Healthy Grain Breakfast,food.com,http://www.food.com/recipe/super-healthy-grain-breakfast-55118,1,323.5322899,https://datahive-prod-dataset-products.s3.eu-central-1.amazonaws.com/dataset/346/0258ad3afd49dba3c4e78f0ce57de343e09f2ec4a3b9a53256d56ae08110b0d3/21131645.jpg,"[""High-Fiber"",""Low-Fat"",""Low-Sodium""]","[""Vegan"",""Vegetarian"",""Dairy-Free"",""Gluten-Free"",""Egg-Free"",""Peanut-Free"",""Tree-Nut-Free"",""Soy-Free"",""Fish-Free"",""Shellfish-Free""]","[""Gluten"",""Wheat"",""Sulfites""]","[""mediterranean""]","[""breakfast""]","[""cereals""]"
"Blackberry, Honey And Yogurt Pops",Lottie + Doof,http://www.lottieanddoof.com/2010/08/blackberry-honey-and-yogurt-pops/,4,484.6150000054449,https://datahive-prod-dataset-products.s3.eu-central-1.amazonaws.com/dataset/346/02593846841e3918465fa2f5c92c7d2918f23ec61b0c9df7fae47019a39790fc/20951554.jpg,"[""High-Fiber"",""Low-Sodium""]","[""Vegetarian"",""Gluten-Free"",""Egg-Free"",""Peanut-Free"",""Tree-Nut-Free"",""Soy-Free"",""Fish-Free"",""Shellfish-Free""]","[""Sulfites""]","[""american""]","[""snack""]","[""desserts""]"
Peach Honey,Foodista,http://www.foodista.com/recipe/YWY8F8YJ/peach-honey,8,3815.42,https://datahive-prod-dataset-products.s3.eu-central-1.amazonaws.com/dataset/346/025c1ffba2d0f4951ada38cf9e3d2cc39abdfaca6203b0e9afae0e6c35c9632e/21068845.jpg,"[""Low-Fat"",""Low-Sodium""]","[""Vegan"",""Vegetarian"",""Dairy-Free"",""Gluten-Free"",""Egg-Free"",""Peanut-Free"",""Tree-Nut-Free"",""Soy-Free"",""Fish-Free"",""Shellfish-Free""]","[""Sulfites""]","[""mediterranean""]","[""lunch/dinner""]","[""desserts""]"
